<?xml version="1.0" encoding="UTF-8"?>
<Module>
	<ModulePrefs title="Display URL" description="Use this gadget to load a webpage into your dashboard." thumbnail="displayUrlThm.png"/>
	<gadget_version>
		1.2
	</gadget_version>
	<grid_info>
		<supported_versions>
			7.3,7.4,7.5,7.6,7.7,7.8,8.0
		</supported_versions>
		<supported_platforms>
			windows,linux
		</supported_platforms>
		<requires_agent_scripts>
			false
		</requires_agent_scripts>
		<upgrade_in_place>
			true
		</upgrade_in_place>
	</grid_info>
	<Content type="html">
	<![CDATA[
	<style scoped="scoped">
		div {
			font-family: Verdana, Arial, Helvetica, sans-serif;
			font-size: 9px;
		}
		#error {
			padding: 5px;
			display: none;
			width: 100%;
			margin-left: auto;
			margin-right: auto;
		}
		#dest {
			background-image: url("__UPTIME_GADGET_BASE__/spinner.gif");
			background-position: 5px 5px;
			background-repeat: no-repeat;
			width: 100%;
		}
		#edit {
			padding: 5px;
			display: none;
			width: 100%;
			height: 100%;
		}
		input[type=text],label,select,button {
			max-width: 300px;
			margin-bottom: 3px;
			display: block;
			clear: both;
		}
		select {
			width: 80px;
		}
		input[type=text] {
			width: 100%;
		}
		#eg {
			color: rgba(0, 0, 0, 0.5);
		}
		#refreshInterval {
			padding-left: 6px;
			display: none;
		}
		#minutePlural {
			display: none;
		}
		#msgDiv{
			display: none;
			font-size: 0.75em;
			color: red;
			padding:10px 10px 10px 10px;
		}
		#loader{
			display: none;
			font-size: 0.75em;
			color: black;
			padding:10px 10px 10px 10px;
			background-image: url("__UPTIME_GADGET_BASE__/spinner.gif");
			background-position: 100px 10px;
			background-repeat: no-repeat;
		}
	</style>
	<div id="error"></div>
	<div id="msgDiv">The webpage you are trying to load in the gadget has restricted the access from cross origin and does not allow such operation. Uptime will try to load the available static content on the page.</div>
	<div id = "loader">Processing ... </div>
	<div id="dest"></div>
	<div id="edit">
		<label for="iframeUrl">URL: <span id="eg">(e.g. http://www.uptimesoftware.com/)</span></label>
		<input id="iframeUrl" type="text" placeholder="Enter a URL..." />
		<label for="scroll">Scroll bars:</label>
		<select id="scroll">
			<option value="auto">Auto</option>
			<option value="yes">Always</option>
			<option value="no">Never</option>
		</select>
		<label for="refreshRate">Refresh Rate:</label>
		<select id="refreshRate" name="refreshRate">
			<option value="30">30s</option>
			<option value="60">1m</option>
			<option value="300">5m</option>
			<option value="600">10m</option>
			<option value="900">15m</option>
			<option value="3600">1h</option>
			<option value="-1">Never</option>
		</select>
		<button id="save">Save</button>
	</div>
	#includeResources(jquery)
	<script>
		$("#save").click(function() {
			$(this).prop("disabled", true);
			var settings = {
				iframeUrl: $.trim($("#iframeUrl").val()),
				scroll: $("#scroll").val()
			};
			settings.refreshInterval = $("#refreshRate").val();
			if (!settings.iframeUrl) {
				$("#error").empty();
				uptimeErrorFormatter.getErrorBox("Please enter a URL", "No URL specified").appendTo('#error');
				$("#error").slideDown();
				$("#save").prop("disabled", false);
			} else if (!isUrl(settings.iframeUrl)) {
				$("#error").empty();
				uptimeErrorFormatter.getErrorBox("Please enter a valid URL", "Invalid URL").appendTo('#error');
				$("#error").slideDown();
				$("#save").prop("disabled", false);
			} else {
				$("#error").empty().slideUp();
				uptimeGadget.saveSettings(settings).then(doRender, doError);
			}
		});
		uptimeGadget.registerOnResizeHandler(function(dimensions) {
			$("#frame").height(dimensions.height).width(dimensions.width);
			$("#dest").data("dimensions", dimensions);
		});
		uptimeGadget.registerOnEditHandler(function() {
			$("#edit").hide();
			var dest = $("#dest");
			var interval = dest.data("interval");
			if (interval) {
				clearInterval(interval);
			}
			dest.empty()
				.removeData("interval")
				.css("background-position", "5px 5px")
				.show();
			uptimeGadget.loadSettings().then(function(settings) {
				editSettings(settings);
			});
		});
		uptimeGadget.registerOnLoadHandler(function(onLoadData) {
			$("#dest").data("dimensions", onLoadData.dimensions);
			if (onLoadData.hasPreloadedSettings()) {
				doRender(onLoadData.settings);
			} else {
				uptimeGadget.loadSettings(doRender, doError);
			}
		});
		function isUrl(url) {
			return /^(https?|ftp):\/\/(((([a-z]|\d|-|\.|_|~|[\u00A0-\uD7FF\uF900-\uFDCF\uFDF0-\uFFEF])|(%[\da-f]{2})|[!\$&'\(\)\*\+,;=]|:)*@)?(((\d|[1-9]\d|1\d\d|2[0-4]\d|25[0-5])\.(\d|[1-9]\d|1\d\d|2[0-4]\d|25[0-5])\.(\d|[1-9]\d|1\d\d|2[0-4]\d|25[0-5])\.(\d|[1-9]\d|1\d\d|2[0-4]\d|25[0-5]))|((([a-z]|\d|[\u00A0-\uD7FF\uF900-\uFDCF\uFDF0-\uFFEF])|(([a-z]|\d|[\u00A0-\uD7FF\uF900-\uFDCF\uFDF0-\uFFEF])([a-z]|\d|-|\.|_|~|[\u00A0-\uD7FF\uF900-\uFDCF\uFDF0-\uFFEF])*([a-z]|\d|[\u00A0-\uD7FF\uF900-\uFDCF\uFDF0-\uFFEF])))\.)*(([a-z]|[\u00A0-\uD7FF\uF900-\uFDCF\uFDF0-\uFFEF])|(([a-z]|[\u00A0-\uD7FF\uF900-\uFDCF\uFDF0-\uFFEF])([a-z]|\d|-|\.|_|~|[\u00A0-\uD7FF\uF900-\uFDCF\uFDF0-\uFFEF])*([a-z]|[\u00A0-\uD7FF\uF900-\uFDCF\uFDF0-\uFFEF])))\.?)(:\d*)?)(\/((([a-z]|\d|-|\.|_|~|[\u00A0-\uD7FF\uF900-\uFDCF\uFDF0-\uFFEF])|(%[\da-f]{2})|[!\$&'\(\)\*\+,;=]|:|@)+(\/(([a-z]|\d|-|\.|_|~|[\u00A0-\uD7FF\uF900-\uFDCF\uFDF0-\uFFEF])|(%[\da-f]{2})|[!\$&'\(\)\*\+,;=]|:|@)*)*)?)?(\?((([a-z]|\d|-|\.|_|~|[\u00A0-\uD7FF\uF900-\uFDCF\uFDF0-\uFFEF])|(%[\da-f]{2})|[!\$&'\(\)\*\+,;=]|:|@)|[\uE000-\uF8FF]|\/|\?)*)?(\#((([a-z]|\d|-|\.|_|~|[\u00A0-\uD7FF\uF900-\uFDCF\uFDF0-\uFFEF])|(%[\da-f]{2})|[!\$&'\(\)\*\+,;=]|:|@)|\/|\?)*)?$/i.test(url);
		}
		function editSettings(settings) {
			$("#save").prop("disabled", false);
			$("#error").empty().slideUp();
			$("#dest").hide();
			$("#msgDiv").hide();
			$("#edit").show();
			$("#iframeUrl").val(settings ? settings.iframeUrl : "").focus();
			$("#scroll").val(settings ? settings.scroll : "auto");
			if (settings && settings.refreshInterval) {
				$("#refreshRate").val(settings.refreshInterval);
			} else {
				$("#refreshRate").val(-1);
			}
		}
		
		function onFrameReady() {
			var URL = "__UPTIME_GADGET_BASE__";
			var url = $('#frame').attr('src');
			if(url == null){
				return;
			}
			$.ajax({
					type: "POST",
					url: URL + "/proxy.php",
					data: { link : url},
					success:function(result){
						var parser = new DOMParser();
						var xmlDoc = parser.parseFromString(result,"text/html");
						var metas = xmlDoc.getElementsByTagName('META');
						if(metas.length == 0){
							return;
						}
						var content = null;
						for(i = metas.length; i > 0; i--){
							var temp = metas[i - 1].getAttribute("content");
							var httpeqv = metas[i - 1].getAttribute("http-equiv");
							if(temp == null || httpeqv == null){
								continue;
							}
							if (temp.indexOf("https") >= 0 && httpeqv.toLowerCase() == "refresh"){
								content = temp;
								break;
							}
						}
						
						if (content != null){
							var settings = {
								iframeUrl: $.trim("https" + content.split("https")[1])
							};
							doRender(settings);
							
						}
					},
					error:function(jqXHR, exception){
						displayErrorMessage(jqXHR, exception);
					}
			}); 
		}
		
		function doRender(settings) {
			$("#msgDiv").hide();
			var dest = $("#dest");
			var URL = "__UPTIME_GADGET_BASE__";
			if (settings && settings.iframeUrl) {
				$("#edit").hide();				
				dest.empty()
					.css("background-position", "-9999px -9999px")						
					.append($('<iframe id="frame" onload="onFrameReady()" sandbox="allow-same-origin allow-scripts allow-popups allow-forms"></iframe>')
					.prop("scrolling", settings.scroll)	
					.height(dest.data("dimensions").height)
					.width(dest.data("dimensions").width))
					.show();	
				$("#loader").show();	
				$.ajax({
					type: "POST",
					url: URL + "/requestHeader.php",
					data: { link : settings.iframeUrl},
					success:function(result){
						if(result.toUpperCase() == "DENY" || result.toUpperCase() == "SAMEORIGIN" || result.toUpperCase() == "S" || result.toUpperCase() == "D" ){	
							$.ajax({
								type: "POST",
								url: URL + "/proxy.php",
								data: { link : settings.iframeUrl},
								success:function(result){
								$("#loader").hide();
								$("#msgDiv").show();
								var doc = document.getElementById('frame').contentWindow.document;								
								doc.open();							
								doc.write(result);							
								doc.close();
								$("#msgDiv").show();
								},
								error:function(jqXHR, exception){
									displayErrorMessage(jqXHR, exception);
								}
							}); 
						}
						else{	
						$("#loader").hide();
						dest.empty()
							.css("background-position", "-9999px -9999px")						
							.append($('<iframe id="frame" onload="onFrameReady()"></iframe>')
							.prop("scrolling", settings.scroll)	
							.prop("src", settings.iframeUrl)
							.height(dest.data("dimensions").height)
							.width(dest.data("dimensions").width))
							.show();
						}
                    },
					error:function(jqXHR, exception){
						displayErrorMessage(jqXHR, exception);
					}
				}); 
								
				if (settings.refreshInterval && settings.refreshInterval > 0) {
					$("#msgDiv").hide();
					dest.data("interval", setInterval(function() {	
					$("#loader").show();
					$.ajax({
					type: "POST",
					url: URL + "/requestHeader.php",
					data: { link : settings.iframeUrl},
					success:function(result){
					
						if(result.toUpperCase() == "DENY" || result.toUpperCase() == "SAMEORIGIN" || result.toUpperCase() == "S" || result.toUpperCase() == "D" ){							
							$.ajax({
								type: "POST",
								url: URL + "/proxy.php",
								data: { link : settings.iframeUrl},
								success:function(result){
								$("#loader").hide();
								$("#msgDiv").show();
								var doc = document.getElementById('frame').contentWindow.document;								
								doc.open();							
								doc.write(result);							
								doc.close();
								},
								error:function(jqXHR, exception){
									displayErrorMessage(jqXHR, exception);
								}
							}); 
						}
						else{
						$("#loader").hide();
						$("#frame").prop("src", settings.iframeUrl);
						}
					},
					error:function(jqXHR, exception){
						displayErrorMessage(jqXHR, exception);
					}
					})
					}, settings.refreshInterval * 1000));
				}
			} else {
				editSettings(settings);
			}
		}
		function doError(status) {
			$("#error").empty();
			uptimeErrorFormatter.getErrorBox(status, "Error communicating with Uptime").appendTo('#error');
			$("#error").slideDown();
			$("#save").prop("disabled", false);
		}
		function displayErrorMessage(jqXHR, exception){
			$("#loader").hide();
			var msg = '';
			if (jqXHR.status === 0) {
				msg = 'Not connect.\n Verify Network.';
			} else if (jqXHR.status == 404) {
				msg = 'Requested page not found. [404]';
			} else if (jqXHR.status == 500) {
				msg = 'Internal Server Error [500].';
			} else if (exception === 'parsererror') {
				msg = 'Requested JSON parse failed.';
			} else if (exception === 'timeout') {
				msg = 'Time out error.';
			} else if (exception === 'abort') {
				msg = 'Ajax request aborted.';
			} else {
				msg = 'Uncaught Error.\n' + jqXHR.responseText;
			}
			$("#error").empty();
			uptimeErrorFormatter.getErrorBox(msg, jqXHR.status).appendTo('#error');
			$("#error").slideDown();	
		}
	</script>
	]]>
	</Content>
</Module>
